Categorie,Feature,Descriere,Complexitate,Valoare_Estimata_EUR,Status
"Frontend","Homepage cu categorii","Homepage cu secțiuni pentru SUV Sedan Electric/Hibrid",3,500,"Implementat"
"Frontend","Catalog cu filtre avansate","Catalog cu filtre pentru brand preț an kilometraj combustibil transmisie culoare",5,800,"Implementat"
"Frontend","Paginare și sortare","Sortare după preț an kilometraj featured newest",2,200,"Implementat"
"Frontend","Detalii vehicul","Pagină detaliată cu toate informațiile vehiculului",4,600,"Implementat"
"Frontend","Sistem de căutare","Căutare în brand model titlu descriere",3,300,"Implementat"
"Frontend","Responsive design","Design adaptat pentru mobile tablet desktop",4,400,"Implementat"
"Frontend","Navigare cu meniu","Meniu principal cu linkuri către toate secțiunile",2,150,"Implementat"
"Frontend","Footer informativ","Footer cu informații de contact și linkuri",2,100,"Implementat"
"Frontend","Buton Vinde mașina","Buton prominent pentru vânzarea mașinilor",2,200,"Implementat"
"Frontend","Buton Vehicule vândute","Buton pentru vizualizarea mașinilor vândute",2,150,"Implementat"
"Frontend","Sistem mașini salvate","Funcționalitate pentru salvarea mașinilor favorite",4,500,"Implementat"
"Frontend","Formular contact","Formular de contact cu validare",3,250,"Implementat"
"Frontend","Pagină despre noi","Pagină cu informații despre companie",2,150,"Implementat"
"Frontend","Pagină vinde mașina","Formular complet pentru vânzarea mașinilor",5,700,"Implementat"
"Frontend","Design modern cu Bootstrap","Interfață modernă cu Bootstrap 5.3.3",4,400,"Implementat"
"Frontend","Iconițe Bootstrap Icons","Iconițe moderne pentru toate elementele",2,100,"Implementat"
"Frontend","Animații și efecte","Animații CSS și efecte hover",3,200,"Implementat"
"Frontend","Loading states","Stări de încărcare pentru formulare",2,150,"Implementat"
"Frontend","Validare client-side","Validare JavaScript pentru formulare",3,250,"Implementat"
"Backend","Sistem autentificare","Sistem complet de login/register cu Laravel Breeze",4,600,"Implementat"
"Backend","Model Vehicle complet","Model cu toate câmpurile pentru vehicule",5,800,"Implementat"
"Backend","Model User cu relații","Model User cu relații către mașini salvate",3,300,"Implementat"
"Backend","Model ContactMessage","Model pentru mesajele de contact",2,150,"Implementat"
"Backend","Model Inquiry","Model pentru cererile de test drive",2,150,"Implementat"
"Backend","Model SavedVehicle","Model pentru mașinile salvate de utilizatori",3,250,"Implementat"
"Backend","Model Testimonial","Model pentru testimoniale clienți",2,150,"Implementat"
"Backend","Controller Home","Controller pentru homepage cu categorii",3,300,"Implementat"
"Backend","Controller Catalog","Controller cu filtre avansate și sortare",5,700,"Implementat"
"Backend","Controller Vehicle","Controller pentru afișarea detaliilor vehiculelor",4,500,"Implementat"
"Backend","Controller Contact","Controller pentru formularul de contact",2,200,"Implementat"
"Backend","Controller SellCar","Controller pentru vânzarea mașinilor",4,600,"Implementat"
"Backend","Controller Inquiry","Controller pentru cererile de test drive",2,200,"Implementat"
"Backend","Upload imagini","Upload și gestionare imagini cu Storage",4,500,"Implementat"
"Backend","Slug generation","Generare automată slug-uri pentru vehicule",2,150,"Implementat"
"Backend","Validare formulare","Validare completă pentru toate formularele",3,300,"Implementat"
"Backend","Migrații baza de date","Migrații complete pentru toate tabelele",4,400,"Implementat"
"Backend","Seeders","Seeders pentru date de test",2,150,"Implementat"
"Backend","Factory pentru teste","Factory pentru generarea datelor de test",2,150,"Implementat"
"Backend","Sistem de rute","Configurare completă rute cu middleware",3,250,"Implementat"
"Backend","Middleware autentificare","Protecție rute admin cu middleware",2,150,"Implementat"
"Backend","CSRF protection","Protecție CSRF pentru toate formularele",2,100,"Implementat"
"Backend","Error handling","Gestionare erori și logging",3,200,"Implementat"
"Admin","Dashboard cu statistici","Dashboard cu statistici complete",5,800,"Implementat"
"Admin","Gestionare vehicule","CRUD complet pentru vehicule",6,1000,"Implementat"
"Admin","Filtre avansate admin","Filtre pentru status featured preț oferte",4,500,"Implementat"
"Admin","Sortare vehicule","Sortare după preț discount views priority",3,300,"Implementat"
"Admin","Bulk actions","Acțiuni în masă pentru vehicule",4,600,"Implementat"
"Admin","Toggle featured","Comutare rapidă featured pentru vehicule",2,150,"Implementat"
"Admin","Gestionare prețuri","Actualizare prețuri în masă",5,700,"Implementat"
"Admin","Analiză prețuri","Statistici și analize prețuri",4,500,"Implementat"
"Admin","Export rapoarte","Export rapoarte în CSV/JSON",3,400,"Implementat"
"Admin","Gestionare oferte","Sistem complet de oferte și reduceri",5,700,"Implementat"
"Admin","Gestionare imagini","Upload și gestionare galerie imagini",4,500,"Implementat"
"Admin","Gestionare sell cars","Administrare cereri vânzare mașini",4,600,"Implementat"
"Admin","Aprobare/respingere","Aprobare sau respingere cereri vânzare",3,300,"Implementat"
"Admin","Download imagini","Download imagini pentru cereri vânzare",2,200,"Implementat"
"Admin","Gestionare inquiries","Administrare cereri test drive",3,300,"Implementat"
"Admin","Gestionare contact messages","Administrare mesaje contact",2,200,"Implementat"
"Admin","Gestionare testimoniale","CRUD pentru testimoniale clienți",3,300,"Implementat"
"Admin","Layout admin modern","Layout modern pentru panoul admin",4,400,"Implementat"
"Admin","Sidebar navigare","Navigare sidebar cu categorii",2,150,"Implementat"
"Admin","Statistici în timp real","Statistici actualizate în timp real",4,500,"Implementat"
"Admin","Sistem de notificări","Notificări pentru acțiuni importante",3,250,"Implementat"
"Admin","Protecție rute admin","Protecție completă rute admin",2,150,"Implementat"
"Database","SQLite database","Baza de date SQLite pentru dezvoltare",2,100,"Implementat"
"Database","Migrații complete","Migrații pentru toate tabelele",4,300,"Implementat"
"Database","Indexuri optimizate","Indexuri pentru performanță",3,200,"Implementat"
"Database","Relații între tabele","Relații foreign key între modele",3,250,"Implementat"
"Database","Soft deletes","Soft deletes pentru date importante",2,150,"Implementat"
"Database","Timestamps","Timestamps pentru toate înregistrările",1,50,"Implementat"
"Database","Casting pentru JSON","Casting pentru câmpuri JSON",2,100,"Implementat"
"Database","Validare la nivel DB","Validare la nivel de bază de date",2,150,"Implementat"
"Database","Backup sistem","Sistem de backup pentru date",3,200,"Implementat"
"Security","Autentificare Laravel","Autentificare securizată Laravel",4,400,"Implementat"
"Security","Hash parole","Hash securizat pentru parole",2,100,"Implementat"
"Security","CSRF tokens","Protecție CSRF pentru formulare",2,100,"Implementat"
"Security","Validare input","Validare completă input utilizator",3,250,"Implementat"
"Security","Sanitizare date","Sanitizare date pentru siguranță",2,150,"Implementat"
"Security","Protecție XSS","Protecție împotriva XSS",2,100,"Implementat"
"Security","Protecție SQL injection","Protecție împotriva SQL injection",3,200,"Implementat"
"Security","Rate limiting","Rate limiting pentru API",2,150,"Implementat"
"Security","Session management","Gestionare sesiuni securizate",2,100,"Implementat"
"Security","File upload security","Securitate pentru upload fișiere",3,200,"Implementat"
"Performance","Optimizare query-uri","Optimizare query-uri baza de date",4,400,"Implementat"
"Performance","Paginare eficientă","Paginare pentru liste mari",3,250,"Implementat"
"Performance","Lazy loading","Lazy loading pentru imagini",2,150,"Implementat"
"Performance","Caching strategii","Strategii de cache pentru performanță",3,300,"Implementat"
"Performance","Compresie imagini","Compresie automată imagini",3,250,"Implementat"
"Performance","Minificare assets","Minificare CSS/JS",2,100,"Implementat"
"Performance","CDN ready","Gata pentru CDN",2,150,"Implementat"
"Performance","Database indexing","Indexuri pentru performanță",3,200,"Implementat"
"Performance","Query optimization","Optimizare query-uri complexe",4,350,"Implementat"
"Performance","Memory management","Gestionare memorie optimizată",2,150,"Implementat"
"SEO","Meta tags","Meta tags pentru toate paginile",3,250,"Implementat"
"SEO","URLs SEO friendly","URLs optimizate pentru SEO",2,150,"Implementat"
"SEO","Sitemap","Sitemap pentru motoare de căutare",2,100,"Implementat"
"SEO","Robots.txt","Robots.txt configurat",1,50,"Implementat"
"SEO","Structured data","Date structurate pentru vehicule",3,200,"Implementat"
"SEO","Open Graph","Open Graph tags pentru social media",2,150,"Implementat"
"SEO","Canonical URLs","URLs canonice pentru SEO",2,100,"Implementat"
"SEO","Alt tags imagini","Alt tags pentru toate imaginile",2,100,"Implementat"
"SEO","Page titles optimizate","Titluri optimizate pentru fiecare pagină",2,100,"Implementat"
"SEO","Description meta","Meta descriptions pentru toate paginile",2,100,"Implementat"
"UX/UI","Design responsive","Design adaptat pentru toate dispozitivele",4,500,"Implementat"
"UX/UI","Loading states","Stări de încărcare pentru UX",2,150,"Implementat"
"UX/UI","Error messages","Mesaje de eroare clare",2,100,"Implementat"
"UX/UI","Success feedback","Feedback pentru acțiuni reușite",2,100,"Implementat"
"UX/UI","Form validation","Validare în timp real formulare",3,200,"Implementat"
"UX/UI","Navigation breadcrumbs","Breadcrumbs pentru navigare",2,100,"Implementat"
"UX/UI","Search suggestions","Sugestii pentru căutare",3,200,"Implementat"
"UX/UI","Filter persistence","Persistența filtrelor",2,150,"Implementat"
"UX/UI","Keyboard navigation","Navigare cu tastatura",2,100,"Implementat"
"UX/UI","Accessibility features","Funcții de accesibilitate",3,200,"Implementat"
"Integration","WhatsApp integration","Integrare WhatsApp pentru contact",2,150,"Implementat"
"Integration","Email integration","Integrare email pentru notificări",3,200,"Implementat"
"Integration","Phone integration","Integrare telefon pentru contact",1,50,"Implementat"
"Integration","Social media ready","Gata pentru integrare social media",2,100,"Implementat"
"Integration","Google Maps ready","Gata pentru integrare Google Maps",2,100,"Implementat"
"Integration","Analytics ready","Gata pentru Google Analytics",2,100,"Implementat"
"Integration","Payment gateway ready","Gata pentru gateway-uri de plată",3,200,"Implementat"
"Integration","API ready","Gata pentru API extern",3,250,"Implementat"
"Integration","Webhook ready","Gata pentru webhooks",2,150,"Implementat"
"Testing","Unit tests","Teste unitare pentru modele",3,300,"Implementat"
"Testing","Feature tests","Teste de funcționalitate",4,400,"Implementat"
"Testing","Integration tests","Teste de integrare",3,300,"Implementat"
"Testing","Database tests","Teste pentru baza de date",2,200,"Implementat"
"Testing","Form validation tests","Teste pentru validarea formularelor",2,150,"Implementat"
"Testing","Authentication tests","Teste pentru autentificare",2,150,"Implementat"
"Testing","File upload tests","Teste pentru upload fișiere",2,150,"Implementat"
"Testing","API tests","Teste pentru API endpoints",3,200,"Implementat"
"Testing","Browser tests","Teste în browser",4,350,"Implementat"
"Testing","Performance tests","Teste de performanță",3,250,"Implementat"
"Deployment","Production ready","Gata pentru producție",4,500,"Implementat"
"Deployment","Environment config","Configurare pentru medii diferite",3,200,"Implementat"
"Deployment","Asset compilation","Compilare assets pentru producție",2,150,"Implementat"
"Deployment","Database migrations","Migrații pentru producție",2,100,"Implementat"
"Deployment","Error logging","Logging pentru producție",2,100,"Implementat"
"Deployment","Backup strategy","Strategie de backup",3,200,"Implementat"
"Deployment","SSL ready","Gata pentru SSL",1,50,"Implementat"
"Deployment","CDN ready","Gata pentru CDN",2,100,"Implementat"
"Deployment","Monitoring ready","Gata pentru monitoring",2,150,"Implementat"
"Deployment","Scalability ready","Gata pentru scalabilitate",3,250,"Implementat"
"Maintenance","Code documentation","Documentație cod",2,150,"Implementat"
"Maintenance","Database documentation","Documentație baza de date",2,100,"Implementat"
"Maintenance","API documentation","Documentație API",2,100,"Implementat"
"Maintenance","User manual","Manual utilizator",3,200,"Implementat"
"Maintenance","Admin manual","Manual administrator",3,200,"Implementat"
"Maintenance","Deployment guide","Ghid de deployment",2,150,"Implementat"
"Maintenance","Backup procedures","Proceduri de backup",2,100,"Implementat"
"Maintenance","Update procedures","Proceduri de actualizare",2,100,"Implementat"
"Maintenance","Monitoring procedures","Proceduri de monitoring",2,100,"Implementat"
"Maintenance","Troubleshooting guide","Ghid de troubleshooting",2,150,"Implementat"
